{
  "6": {
    "0": "Sound file (.ogg). Path relative to Sound folder.",
    "1": "Volume (0-255). 255 = maximum.",
    "2": "Min hearing distance. Full volume within this range.",
    "3": "Max hearing distance. Inaudible beyond this.",
    "4": "Sound flags: loop, 3D, priority etc.",
    "5": "Playback priority. Higher = preferred when overloaded."
  },
  "1": {
    "0": "Reference to SoundPackSet (collection of SoundPacks)."
  },
  "158": {
    "0": "Min pause between random voice lines (ticks).",
    "1": "Max pause between random voice lines (ticks).",
    "2": "Sound file for this event.",
    "3": "Delay before playback (ticks).",
    "4": "Min pause until next playback (ticks).",
    "5": "Max pause until next playback (ticks).",
    "7": "Sound file for this event.",
    "8": "Delay before playback (ticks).",
    "9": "Min pause until next playback (ticks).",
    "10": "Max pause until next playback (ticks).",
    "12": "Sound file for this event.",
    "13": "Delay before playback (ticks).",
    "14": "Min pause until next playback (ticks).",
    "15": "Max pause until next playback (ticks).",
    "17": "Sound file for this event.",
    "18": "Delay before playback (ticks).",
    "19": "Min pause until next playback (ticks).",
    "20": "Max pause until next playback (ticks).",
    "22": "Sound file for this event.",
    "23": "Delay before playback (ticks).",
    "24": "Min pause until next playback (ticks).",
    "25": "Max pause until next playback (ticks).",
    "27": "Sound file for this event.",
    "28": "Delay before playback (ticks).",
    "29": "Min pause until next playback (ticks).",
    "30": "Max pause until next playback (ticks).",
    "32": "Sound file for this event.",
    "33": "Delay before playback (ticks).",
    "34": "Min pause until next playback (ticks).",
    "35": "Max pause until next playback (ticks).",
    "37": "Sound file for this event.",
    "38": "Delay before playback (ticks).",
    "39": "Min pause until next playback (ticks).",
    "40": "Max pause until next playback (ticks).",
    "42": "Sound file for this event.",
    "43": "Delay before playback (ticks).",
    "44": "Min pause until next playback (ticks).",
    "45": "Max pause until next playback (ticks).",
    "47": "Sound file for this event.",
    "48": "Delay before playback (ticks).",
    "49": "Min pause until next playback (ticks).",
    "50": "Max pause until next playback (ticks).",
    "52": "Sound file for this event.",
    "53": "Delay before playback (ticks).",
    "54": "Min pause until next playback (ticks).",
    "55": "Max pause until next playback (ticks).",
    "57": "Sound file for this event.",
    "58": "Delay before playback (ticks).",
    "59": "Min pause until next playback (ticks).",
    "60": "Max pause until next playback (ticks).",
    "62": "Sound file for this event.",
    "63": "Delay before playback (ticks).",
    "64": "Min pause until next playback (ticks).",
    "65": "Max pause until next playback (ticks).",
    "67": "Sound file for this event.",
    "68": "Delay before playback (ticks).",
    "69": "Min pause until next playback (ticks).",
    "70": "Max pause until next playback (ticks).",
    "72": "Sound file for this event.",
    "73": "Delay before playback (ticks).",
    "74": "Min pause until next playback (ticks).",
    "75": "Max pause until next playback (ticks).",
    "77": "Sound file for this event.",
    "78": "Delay before playback (ticks).",
    "79": "Min pause until next playback (ticks).",
    "80": "Max pause until next playback (ticks).",
    "82": "Sound file for this event.",
    "83": "Delay before playback (ticks).",
    "84": "Min pause until next playback (ticks).",
    "85": "Max pause until next playback (ticks).",
    "87": "Sound file for this event.",
    "88": "Delay before playback (ticks).",
    "89": "Min pause until next playback (ticks).",
    "90": "Max pause until next playback (ticks).",
    "92": "Sound file for this event.",
    "93": "Delay before playback (ticks).",
    "94": "Min pause until next playback (ticks).",
    "95": "Max pause until next playback (ticks).",
    "97": "Sound file for this event.",
    "98": "Delay before playback (ticks).",
    "99": "Min pause until next playback (ticks).",
    "100": "Max pause until next playback (ticks).",
    "102": "Sound file for this event.",
    "103": "Delay before playback (ticks).",
    "104": "Min pause until next playback (ticks).",
    "105": "Max pause until next playback (ticks).",
    "107": "Sound file for this event.",
    "108": "Delay before playback (ticks).",
    "109": "Min pause until next playback (ticks).",
    "110": "Max pause until next playback (ticks).",
    "112": "Sound file for this event.",
    "113": "Delay before playback (ticks).",
    "114": "Min pause until next playback (ticks).",
    "115": "Max pause until next playback (ticks).",
    "117": "Sound file for this event.",
    "118": "Delay before playback (ticks).",
    "119": "Min pause until next playback (ticks).",
    "120": "Max pause until next playback (ticks).",
    "122": "Sound file for this event.",
    "123": "Delay before playback (ticks).",
    "124": "Min pause until next playback (ticks).",
    "125": "Max pause until next playback (ticks).",
    "127": "Sound file for this event.",
    "128": "Delay before playback (ticks).",
    "129": "Min pause until next playback (ticks).",
    "130": "Max pause until next playback (ticks).",
    "132": "Sound file for this event.",
    "133": "Delay before playback (ticks).",
    "134": "Min pause until next playback (ticks).",
    "135": "Max pause until next playback (ticks).",
    "137": "Min pause between random voice lines (ticks).",
    "138": "Max pause between random voice lines (ticks).",
    "139": "Max distance for unit voice lines to hero.",
    "140": "Min pause until next playback (ticks).",
    "141": "Max pause until next playback (ticks).",
    "143": "Min pause until next playback (ticks).",
    "144": "Max pause until next playback (ticks).",
    "146": "Min pause until next playback (ticks).",
    "147": "Max pause until next playback (ticks).",
    "149": "Min pause until next playback (ticks).",
    "150": "Max pause until next playback (ticks).",
    "152": "Min pause until next playback (ticks).",
    "153": "Max pause until next playback (ticks).",
    "155": "Min pause until next playback (ticks).",
    "156": "Max pause until next playback (ticks)."
  },
  "26": {
    "0": "Object class type (see classmask.h). Determines category: UNIT, WEAPON, PASSIVE etc.",
    "1": "3D model file (.vdf/.prt). Path relative to Data folder.",
    "2": "Render flags for the mesh. Bitmask for display options.",
    "3": "Index into MeshButtonViewParams. Camera position in inventory dialog.",
    "4": "Reference to SoundPack entry. Links sounds to this object.",
    "5": "Flags for storable objects. Bitmask for persistence behavior.",
    "6": "Maximum hit points. At 0 → killExplosionID is triggered.",
    "7": "Particle effect on destruction of this object.",
    "8": "Map sign number. -1 = no symbol on minimap.",
    "9": "Reference to object marker (tooltip/icon above the object in the world).",
    "10": "Custom flags. Object-specific behavior bitmask.",
    "11": "Maximum draw distance in engine units. 0 = default.",
    "12": "Reference to animation set without weapon.",
    "13": "Reference to animation set with weapon.",
    "14": "Unit flags. Bitmask: AI behavior, combat style, special rules.",
    "15": "Walk speed of the unit. Higher = faster.",
    "16": "Run speed of the unit. Higher = faster.",
    "17": "Sneak speed of the unit.",
    "18": "Turn speed of the unit.",
    "20": "Sight angle in degrees. Width of the AI's field of view.",
    "21": "AI hearing range in engine units.",
    "22": "Max weight of corpse inventory (for loot).",
    "23": "Loot table: items dropped on death.",
    "24": "Collision box [width, height, depth] in engine units.",
    "25": "Particle effect when walking (dust, footprints)."
  },
  "65": {
    "0": "Object class type (see classmask.h). Determines category: UNIT, WEAPON, PASSIVE etc.",
    "1": "3D model file (.vdf/.prt). Path relative to Data folder.",
    "2": "Render flags for the mesh. Bitmask for display options.",
    "3": "Index into MeshButtonViewParams. Camera position in inventory dialog.",
    "4": "Reference to SoundPack entry. Links sounds to this object.",
    "5": "Flags for storable objects. Bitmask for persistence behavior.",
    "6": "Maximum hit points. At 0 → killExplosionID is triggered.",
    "7": "Particle effect on destruction of this object.",
    "8": "Map sign number. -1 = no symbol on minimap.",
    "9": "Reference to object marker (tooltip/icon above the object in the world).",
    "10": "Custom flags. Object-specific behavior bitmask.",
    "11": "Maximum draw distance in engine units. 0 = default.",
    "12": "Reference to animation set without weapon.",
    "13": "Reference to animation set with weapon.",
    "14": "Unit flags. Bitmask: AI behavior, combat style, special rules.",
    "15": "Walk speed of the unit. Higher = faster.",
    "16": "Run speed of the unit. Higher = faster.",
    "17": "Sneak speed of the unit.",
    "18": "Turn speed of the unit.",
    "19": "AI sight range in engine units. How far it can detect the player.",
    "20": "Sight angle in degrees. Width of the AI's field of view.",
    "21": "AI hearing range in engine units.",
    "22": "Max weight of corpse inventory (for loot).",
    "23": "Loot table: items dropped on death.",
    "24": "Collision box [width, height, depth] in engine units.",
    "25": "Particle effect when walking (dust, footprints).",
    "26": "List of UnitMesh references for character rendering.",
    "27": "Mesh type of the unit. Determines which mesh slots are used.",
    "28": "Reference to pierce slots (where arrows stick in the body).",
    "29": "Default weapon carried by this unit.",
    "30": "Bitmask: which equipment slots this unit has.",
    "31": "Bitmask: available passive skills for this unit.",
    "32": "Bitmask: available active skills for this unit.",
    "33": "Target type modifier for damage calculation.",
    "34": "Starting hit points of the unit.",
    "35": "Starting damage value of the unit (base damage).",
    "36": "Starting attack value. Affects hit chance.",
    "37": "Starting defense value. Reduces incoming damage.",
    "38": "Starting mana of the unit. Used for spells.",
    "39": "Starting stamina. Used for special attacks and sprints.",
    "40": "Physical resistance (base). Reduces physical damage.",
    "41": "Cold resistance. Reduces ice/frost damage.",
    "42": "Fire resistance. Reduces fire damage.",
    "43": "Lightning resistance. Reduces electric damage.",
    "44": "Spirit resistance. Reduces spiritual/magic damage.",
    "45": "Piercing protection modifier (%). 100 = no change.",
    "46": "Slashing protection modifier (%). 100 = no change.",
    "47": "Bludgeoning protection modifier (%). 100 = no change.",
    "48": "Ticks for full HP regeneration. Lower = faster healing.",
    "49": "Ticks for full mana regeneration.",
    "50": "Delay between spell casts (ticks).",
    "51": "Probability (%) that AI auto-casts spells.",
    "52": "Delay between melee attacks (ticks).",
    "53": "Chance (%) to interrupt an enemy's attack.",
    "54": "Chance (%) to interrupt other actions.",
    "55": "Bitmask: blocked active skills.",
    "56": "Combat animation: distance (%) for forward/backward step.",
    "57": "Combat animation: distance (%) for sidestep.",
    "58": "Combat animation: distance (%) for attack.",
    "59": "Combat animation: distance (%) for hit reaction.",
    "60": "Combat animation: distance (%) for dodge.",
    "61": "Combat animation: distance (%) for death animation.",
    "62": "Combat animation: distance (%) for other actions.",
    "63": "Z offset of the camera in dialog (height above character).",
    "64": "Reference to UnitTalk entry (combat sounds)."
  },
  "121": {
    "0": "Object class type (see classmask.h). Determines category: UNIT, WEAPON, PASSIVE etc.",
    "1": "3D model file (.vdf/.prt). Path relative to Data folder.",
    "2": "Render flags for the mesh. Bitmask for display options.",
    "3": "Index into MeshButtonViewParams. Camera position in inventory dialog.",
    "4": "Reference to SoundPack entry. Links sounds to this object.",
    "5": "Flags for storable objects. Bitmask for persistence behavior.",
    "6": "Maximum hit points. At 0 → killExplosionID is triggered.",
    "7": "Particle effect on destruction of this object.",
    "8": "Map sign number. -1 = no symbol on minimap.",
    "9": "Reference to object marker (tooltip/icon above the object in the world).",
    "10": "Custom flags. Object-specific behavior bitmask.",
    "11": "Maximum draw distance in engine units. 0 = default.",
    "12": "Reference to animation set without weapon.",
    "13": "Reference to animation set with weapon.",
    "14": "Unit flags. Bitmask: AI behavior, combat style, special rules.",
    "15": "Walk speed of the unit. Higher = faster.",
    "16": "Run speed of the unit. Higher = faster.",
    "17": "Sneak speed of the unit.",
    "18": "Turn speed of the unit.",
    "19": "AI sight range in engine units. How far it can detect the player.",
    "20": "Sight angle in degrees. Width of the AI's field of view.",
    "21": "AI hearing range in engine units.",
    "22": "Max weight of corpse inventory (for loot).",
    "23": "Loot table: items dropped on death.",
    "24": "Collision box [width, height, depth] in engine units.",
    "25": "Particle effect when walking (dust, footprints).",
    "26": "List of UnitMesh references for character rendering.",
    "27": "Mesh type of the unit. Determines which mesh slots are used.",
    "28": "Reference to pierce slots (where arrows stick in the body).",
    "29": "Default weapon carried by this unit.",
    "30": "Bitmask: which equipment slots this unit has.",
    "31": "Bitmask: available passive skills for this unit.",
    "32": "Bitmask: available active skills for this unit.",
    "33": "Target type modifier for damage calculation.",
    "34": "Starting hit points of the unit.",
    "35": "Starting damage value of the unit (base damage).",
    "36": "Starting attack value. Affects hit chance.",
    "37": "Starting defense value. Reduces incoming damage.",
    "38": "Starting mana of the unit. Used for spells.",
    "39": "Starting stamina. Used for special attacks and sprints.",
    "40": "Physical resistance (base). Reduces physical damage.",
    "41": "Cold resistance. Reduces ice/frost damage.",
    "42": "Fire resistance. Reduces fire damage.",
    "43": "Lightning resistance. Reduces electric damage.",
    "44": "Spirit resistance. Reduces spiritual/magic damage.",
    "45": "Piercing protection modifier (%). 100 = no change.",
    "46": "Slashing protection modifier (%). 100 = no change.",
    "47": "Bludgeoning protection modifier (%). 100 = no change.",
    "48": "Ticks for full HP regeneration. Lower = faster healing.",
    "49": "Ticks for full mana regeneration.",
    "50": "Delay between spell casts (ticks).",
    "51": "Probability (%) that AI auto-casts spells.",
    "52": "Delay between melee attacks (ticks).",
    "53": "Chance (%) to interrupt an enemy's attack.",
    "54": "Chance (%) to interrupt other actions.",
    "55": "Bitmask: blocked active skills.",
    "56": "Combat animation: distance (%) for forward/backward step.",
    "57": "Combat animation: distance (%) for sidestep.",
    "58": "Combat animation: distance (%) for attack.",
    "59": "Combat animation: distance (%) for hit reaction.",
    "60": "Combat animation: distance (%) for dodge.",
    "61": "Combat animation: distance (%) for death animation.",
    "62": "Combat animation: distance (%) for other actions.",
    "63": "Z offset of the camera in dialog (height above character).",
    "64": "Reference to UnitTalk entry (combat/dialog sounds).",
    "65": "Inventory size [width, height] in slots.",
    "66": "Hero flags. Bitmask for special hero properties.",
    "67": "Camera index for normal hero view.",
    "68": "Camera index for head close-up view.",
    "69": "Reference to HeroTalk entry (all voice sounds).",
    "70": "Particle effect when sliding.",
    "71": "Particle effect when falling.",
    "72": "Particle effect when falling into water.",
    "73": "Particle effect when wading (shallow water).",
    "74": "Particle effect when wading (deep water).",
    "75": "Water depth that triggers the deep water effect.",
    "76": "Particle effect when swimming.",
    "77": "Particle effect when standing in shallow water.",
    "78": "Particle effect when standing in deep water.",
    "79": "Particle effect when idle in swimming mode.",
    "80": "Internal creation string for the hero.",
    "81": "Display name at character creation.",
    "82": "Starting inventory: item IDs the hero begins with.",
    "83": "Starting gold of the hero.",
    "84": "Starting attribute points to distribute.",
    "85": "Starting skill points to distribute.",
    "86": "Starting vitality. Increases HP pool.",
    "87": "Starting dexterity. Affects attack/defense.",
    "88": "Starting strength. Increases damage.",
    "89": "Starting magic. Increases mana and spell power.",
    "90": "Starting skill: Attack.",
    "91": "Starting skill: Defense.",
    "92": "Starting skill: Parry.",
    "93": "Starting skill: Swimming.",
    "94": "Starting skill: Stability.",
    "95": "Starting skill: Strong Hand.",
    "96": "Starting skill: Critical Hit.",
    "97": "Starting skill: Double Blade.",
    "98": "Starting skill: Knockdown.",
    "99": "Starting skill: Horse Riding.",
    "100": "Starting skill: Fast Aiming.",
    "101": "Starting skill: Archery.",
    "102": "Starting skill: Close Range Shot.",
    "103": "Starting skill: Precise Aiming.",
    "104": "Starting skill: Stone Skin.",
    "105": "Starting skill: Lockpicking.",
    "106": "Starting skill: Alchemy.",
    "107": "Starting skill: Air Magic.",
    "108": "Starting skill: Fire Magic.",
    "109": "Starting skill: Water Magic.",
    "110": "Starting skill: Earth Magic.",
    "111": "Starting skill: Necromancy.",
    "112": "Starting skill: Berserk.",
    "113": "Starting skill: Defensive Fight.",
    "114": "Starting skill: Dirty Trick.",
    "115": "Starting skill: Stun.",
    "116": "Starting skill: Sword Break.",
    "117": "Starting skill: Dismount from Horse.",
    "118": "Starting skill: Pull Shield.",
    "119": "Starting skill: Knife Death Strike.",
    "120": "Starting skill: Deadly Pirouette."
  },
  "21": {
    "0": "Character mesh flags for rendering.",
    "1": "Head mesh variants.",
    "2": "Hair mesh variants.",
    "3": "Beard mesh variants.",
    "4": "Neck mesh variants.",
    "5": "Body mesh variants.",
    "6": "Hands mesh variants.",
    "7": "Legs mesh variants.",
    "8": "Feet mesh variants.",
    "9": "Unit head/skin texture override.",
    "10": "Animation file for head movements.",
    "11": "Scaling file for head proportions.",
    "12": "Scaling file for body proportions.",
    "13": "Skin color variants [R,G,B].",
    "14": "Lip color variants.",
    "15": "Eye color variants.",
    "16": "Eye white colors.",
    "17": "Hair color variants.",
    "18": "Clothing color variants.",
    "19": "Ragdoll physics file.",
    "20": "Ragdoll force set name on death."
  },
  "216": {
    "0": "Reference to animationfilesid entry.",
    "1": "Animation file/data.",
    "2": "Animation file/data.",
    "3": "Animation file/data.",
    "4": "Animation file/data.",
    "5": "Animation file/data.",
    "6": "Animation file/data.",
    "7": "Animation file/data.",
    "8": "Animation file/data.",
    "9": "Animation file/data.",
    "10": "Animation file/data.",
    "11": "Animation file/data.",
    "12": "Animation file/data.",
    "13": "Animation file/data.",
    "14": "Animation file/data.",
    "15": "Animation file/data.",
    "16": "Animation file/data.",
    "17": "Animation file/data.",
    "18": "Animation file/data.",
    "19": "Animation file/data.",
    "20": "Animation file/data.",
    "21": "Animation file/data.",
    "22": "Animation file/data.",
    "23": "Animation file/data.",
    "24": "Animation file/data.",
    "25": "Animation file/data.",
    "26": "Animation file/data.",
    "27": "Animation file/data.",
    "28": "Animation file/data.",
    "29": "Animation file/data.",
    "30": "Animation file/data.",
    "31": "Animation file/data.",
    "32": "Animation file/data.",
    "33": "Animation file/data.",
    "34": "Animation file/data.",
    "35": "Animation file/data.",
    "36": "Animation file/data.",
    "37": "Animation file/data.",
    "38": "Animation file/data.",
    "39": "Animation file/data.",
    "40": "Animation file/data.",
    "41": "Animation file/data.",
    "42": "Animation file/data.",
    "43": "Animation file/data.",
    "44": "Animation file/data.",
    "45": "Animation file/data.",
    "46": "Animation file/data.",
    "47": "Animation file/data.",
    "48": "Animation file/data.",
    "49": "Animation file/data.",
    "50": "Animation file/data.",
    "51": "Animation file/data.",
    "52": "Animation file/data.",
    "53": "Animation file/data.",
    "54": "Animation file/data.",
    "55": "Animation file/data.",
    "56": "Animation file/data.",
    "57": "Animation file/data.",
    "58": "Animation file/data.",
    "59": "Animation file/data.",
    "60": "Animation file/data.",
    "61": "Animation file/data.",
    "62": "Animation file/data.",
    "63": "Animation file/data.",
    "64": "Animation file/data.",
    "65": "Animation file/data.",
    "66": "Animation file/data.",
    "67": "Animation file/data.",
    "68": "Animation file/data.",
    "69": "Animation file/data.",
    "70": "Animation file/data.",
    "71": "Animation file/data.",
    "72": "Animation file/data.",
    "73": "Animation file/data.",
    "74": "Animation file/data.",
    "75": "Animation file/data.",
    "76": "Animation file/data.",
    "77": "Animation file/data.",
    "78": "Animation file/data.",
    "79": "Animation file/data.",
    "80": "Animation file/data.",
    "81": "Animation file/data.",
    "82": "Animation file/data.",
    "83": "Animation file/data.",
    "84": "Animation file/data.",
    "85": "Animation file/data.",
    "86": "Animation file/data.",
    "87": "Animation file/data.",
    "88": "Animation file/data.",
    "89": "Animation file/data.",
    "90": "Animation file/data.",
    "91": "Animation file/data.",
    "92": "Animation file/data.",
    "93": "Animation file/data.",
    "94": "Animation file/data.",
    "95": "Animation file/data.",
    "96": "Animation file/data.",
    "97": "Animation file/data.",
    "98": "Animation file/data.",
    "99": "Animation file/data.",
    "100": "Animation file/data.",
    "101": "Animation file/data.",
    "102": "Animation file/data.",
    "103": "Animation file/data.",
    "104": "Animation file/data.",
    "105": "Animation file/data.",
    "106": "Animation file/data.",
    "107": "Animation file/data.",
    "108": "Animation file/data.",
    "109": "Animation file/data.",
    "110": "Animation file/data.",
    "111": "Animation file/data.",
    "112": "Animation file/data.",
    "113": "Animation file/data.",
    "114": "Animation file/data.",
    "115": "Animation file/data.",
    "116": "Animation file/data.",
    "117": "Animation file/data.",
    "118": "Animation file/data.",
    "119": "Animation file/data.",
    "120": "Animation file/data.",
    "121": "Animation file/data.",
    "122": "Animation file/data.",
    "123": "Animation file/data.",
    "124": "Animation file/data.",
    "125": "Animation file/data.",
    "126": "Animation file/data.",
    "127": "Animation file/data.",
    "128": "Animation file/data.",
    "129": "Animation file/data.",
    "130": "Animation file/data.",
    "131": "Animation file/data.",
    "132": "Animation file/data.",
    "133": "Animation file/data.",
    "134": "Animation file/data.",
    "135": "Animation file/data.",
    "136": "Animation file/data.",
    "137": "Animation file/data.",
    "138": "Animation file/data.",
    "139": "Animation file/data.",
    "140": "Animation file/data.",
    "141": "Animation file/data.",
    "142": "Animation file/data.",
    "143": "Animation file/data.",
    "144": "Animation file/data.",
    "145": "Animation file/data.",
    "146": "Animation file/data.",
    "147": "Animation file/data.",
    "148": "Animation file/data.",
    "149": "Animation file/data.",
    "150": "Animation file/data.",
    "151": "Animation file/data.",
    "152": "Animation file/data.",
    "153": "Animation file/data.",
    "154": "Animation file/data.",
    "155": "Animation file/data.",
    "156": "Animation file/data.",
    "157": "Animation file/data.",
    "158": "Animation file/data.",
    "159": "Animation file/data.",
    "160": "Animation file/data.",
    "161": "Animation file/data.",
    "162": "Animation file/data.",
    "163": "Animation file/data.",
    "164": "Animation file/data.",
    "165": "Animation file/data.",
    "166": "Animation file/data.",
    "167": "Animation file/data.",
    "168": "Animation file/data.",
    "169": "Animation file/data.",
    "170": "Animation file/data.",
    "171": "Animation file/data.",
    "172": "Animation file/data.",
    "173": "Animation file/data.",
    "174": "Animation file/data.",
    "175": "Animation file/data.",
    "176": "Animation file/data.",
    "177": "Animation file/data.",
    "178": "Animation file/data.",
    "179": "Animation file/data.",
    "180": "Animation file/data.",
    "181": "Animation file/data.",
    "182": "Animation file/data.",
    "183": "Animation file/data.",
    "184": "Animation file/data.",
    "185": "Animation file/data.",
    "186": "Animation file/data.",
    "187": "Animation file/data.",
    "188": "Animation file/data.",
    "189": "Animation file/data.",
    "190": "Animation file/data.",
    "191": "Animation file/data.",
    "192": "Animation file/data.",
    "193": "Animation file/data.",
    "194": "Animation file/data.",
    "195": "Animation file/data.",
    "196": "Animation file/data.",
    "197": "Animation file/data.",
    "198": "Animation file/data.",
    "199": "Animation file/data.",
    "200": "Animation file/data.",
    "201": "Animation file/data.",
    "202": "Animation file/data.",
    "203": "Animation file/data.",
    "204": "Animation file/data.",
    "205": "Animation file/data.",
    "206": "Animation file/data.",
    "207": "Animation file/data.",
    "208": "Animation file/data.",
    "209": "Animation file/data.",
    "210": "Animation file/data.",
    "211": "Animation file/data.",
    "212": "Animation file/data.",
    "213": "Animation file/data.",
    "214": "Animation file/data.",
    "215": "Animation file/data."
  },
  "215": {
    "0": "Animation file/data.",
    "1": "Animation file/data.",
    "2": "Animation file/data.",
    "3": "Animation file/data.",
    "4": "Animation file/data.",
    "5": "Animation file/data.",
    "6": "Animation file/data.",
    "7": "Animation file/data.",
    "8": "Animation file/data.",
    "9": "Animation file/data.",
    "10": "Animation file/data.",
    "11": "Animation file/data.",
    "12": "Animation file/data.",
    "13": "Animation file/data.",
    "14": "Animation file/data.",
    "15": "Animation file/data.",
    "16": "Animation file/data.",
    "17": "Animation file/data.",
    "18": "Animation file/data.",
    "19": "Animation file/data.",
    "20": "Animation file/data.",
    "21": "Animation file/data.",
    "22": "Animation file/data.",
    "23": "Animation file/data.",
    "24": "Animation file/data.",
    "25": "Animation file/data.",
    "26": "Animation file/data.",
    "27": "Animation file/data.",
    "28": "Animation file/data.",
    "29": "Animation file/data.",
    "30": "Animation file/data.",
    "31": "Animation file/data.",
    "32": "Animation file/data.",
    "33": "Animation file/data.",
    "34": "Animation file/data.",
    "35": "Animation file/data.",
    "36": "Animation file/data.",
    "37": "Animation file/data.",
    "38": "Animation file/data.",
    "39": "Animation file/data.",
    "40": "Animation file/data.",
    "41": "Animation file/data.",
    "42": "Animation file/data.",
    "43": "Animation file/data.",
    "44": "Animation file/data.",
    "45": "Animation file/data.",
    "46": "Animation file/data.",
    "47": "Animation file/data.",
    "48": "Animation file/data.",
    "49": "Animation file/data.",
    "50": "Animation file/data.",
    "51": "Animation file/data.",
    "52": "Animation file/data.",
    "53": "Animation file/data.",
    "54": "Animation file/data.",
    "55": "Animation file/data.",
    "56": "Animation file/data.",
    "57": "Animation file/data.",
    "58": "Animation file/data.",
    "59": "Animation file/data.",
    "60": "Animation file/data.",
    "61": "Animation file/data.",
    "62": "Animation file/data.",
    "63": "Animation file/data.",
    "64": "Animation file/data.",
    "65": "Animation file/data.",
    "66": "Animation file/data.",
    "67": "Animation file/data.",
    "68": "Animation file/data.",
    "69": "Animation file/data.",
    "70": "Animation file/data.",
    "71": "Animation file/data.",
    "72": "Animation file/data.",
    "73": "Animation file/data.",
    "74": "Animation file/data.",
    "75": "Animation file/data.",
    "76": "Animation file/data.",
    "77": "Animation file/data.",
    "78": "Animation file/data.",
    "79": "Animation file/data.",
    "80": "Animation file/data.",
    "81": "Animation file/data.",
    "82": "Animation file/data.",
    "83": "Animation file/data.",
    "84": "Animation file/data.",
    "85": "Animation file/data.",
    "86": "Animation file/data.",
    "87": "Animation file/data.",
    "88": "Animation file/data.",
    "89": "Animation file/data.",
    "90": "Animation file/data.",
    "91": "Animation file/data.",
    "92": "Animation file/data.",
    "93": "Animation file/data.",
    "94": "Animation file/data.",
    "95": "Animation file/data.",
    "96": "Animation file/data.",
    "97": "Animation file/data.",
    "98": "Animation file/data.",
    "99": "Animation file/data.",
    "100": "Animation file/data.",
    "101": "Animation file/data.",
    "102": "Animation file/data.",
    "103": "Animation file/data.",
    "104": "Animation file/data.",
    "105": "Animation file/data.",
    "106": "Animation file/data.",
    "107": "Animation file/data.",
    "108": "Animation file/data.",
    "109": "Animation file/data.",
    "110": "Animation file/data.",
    "111": "Animation file/data.",
    "112": "Animation file/data.",
    "113": "Animation file/data.",
    "114": "Animation file/data.",
    "115": "Animation file/data.",
    "116": "Animation file/data.",
    "117": "Animation file/data.",
    "118": "Animation file/data.",
    "119": "Animation file/data.",
    "120": "Animation file/data.",
    "121": "Animation file/data.",
    "122": "Animation file/data.",
    "123": "Animation file/data.",
    "124": "Animation file/data.",
    "125": "Animation file/data.",
    "126": "Animation file/data.",
    "127": "Animation file/data.",
    "128": "Animation file/data.",
    "129": "Animation file/data.",
    "130": "Animation file/data.",
    "131": "Animation file/data.",
    "132": "Animation file/data.",
    "133": "Animation file/data.",
    "134": "Animation file/data.",
    "135": "Animation file/data.",
    "136": "Animation file/data.",
    "137": "Animation file/data.",
    "138": "Animation file/data.",
    "139": "Animation file/data.",
    "140": "Animation file/data.",
    "141": "Animation file/data.",
    "142": "Animation file/data.",
    "143": "Animation file/data.",
    "144": "Animation file/data.",
    "145": "Animation file/data.",
    "146": "Animation file/data.",
    "147": "Animation file/data.",
    "148": "Animation file/data.",
    "149": "Animation file/data.",
    "150": "Animation file/data.",
    "151": "Animation file/data.",
    "152": "Animation file/data.",
    "153": "Animation file/data.",
    "154": "Animation file/data.",
    "155": "Animation file/data.",
    "156": "Animation file/data.",
    "157": "Animation file/data.",
    "158": "Animation file/data.",
    "159": "Animation file/data.",
    "160": "Animation file/data.",
    "161": "Animation file/data.",
    "162": "Animation file/data.",
    "163": "Animation file/data.",
    "164": "Animation file/data.",
    "165": "Animation file/data.",
    "166": "Animation file/data.",
    "167": "Animation file/data.",
    "168": "Animation file/data.",
    "169": "Animation file/data.",
    "170": "Animation file/data.",
    "171": "Animation file/data.",
    "172": "Animation file/data.",
    "173": "Animation file/data.",
    "174": "Animation file/data.",
    "175": "Animation file/data.",
    "176": "Animation file/data.",
    "177": "Animation file/data.",
    "178": "Animation file/data.",
    "179": "Animation file/data.",
    "180": "Animation file/data.",
    "181": "Animation file/data.",
    "182": "Animation file/data.",
    "183": "Animation file/data.",
    "184": "Animation file/data.",
    "185": "Animation file/data.",
    "186": "Animation file/data.",
    "187": "Animation file/data.",
    "188": "Animation file/data.",
    "189": "Animation file/data.",
    "190": "Animation file/data.",
    "191": "Animation file/data.",
    "192": "Animation file/data.",
    "193": "Animation file/data.",
    "194": "Animation file/data.",
    "195": "Animation file/data.",
    "196": "Animation file/data.",
    "197": "Animation file/data.",
    "198": "Animation file/data.",
    "199": "Animation file/data.",
    "200": "Animation file/data.",
    "201": "Animation file/data.",
    "202": "Animation file/data.",
    "203": "Animation file/data.",
    "204": "Animation file/data.",
    "205": "Animation file/data.",
    "206": "Animation file/data.",
    "207": "Animation file/data.",
    "208": "Animation file/data.",
    "209": "Animation file/data.",
    "210": "Animation file/data.",
    "211": "Animation file/data.",
    "212": "Animation file/data.",
    "213": "Animation file/data.",
    "214": "Animation file/data."
  },
  "64": {
    "0": "Bone name for scaling.",
    "1": "Scale factor (axis ?).",
    "2": "Scale factor (axis ?).",
    "3": "Scale factor (axis ?).",
    "4": "Bone name for scaling.",
    "5": "Scale factor (axis ?).",
    "6": "Scale factor (axis ?).",
    "7": "Scale factor (axis ?).",
    "8": "Bone name for scaling.",
    "9": "Scale factor (axis ?).",
    "10": "Scale factor (axis ?).",
    "11": "Scale factor (axis ?).",
    "12": "Bone name for scaling.",
    "13": "Scale factor (axis ?).",
    "14": "Scale factor (axis ?).",
    "15": "Scale factor (axis ?).",
    "16": "Bone name for scaling.",
    "17": "Scale factor (axis ?).",
    "18": "Scale factor (axis ?).",
    "19": "Scale factor (axis ?).",
    "20": "Bone name for scaling.",
    "21": "Scale factor (axis ?).",
    "22": "Scale factor (axis ?).",
    "23": "Scale factor (axis ?).",
    "24": "Bone name for scaling.",
    "25": "Scale factor (axis ?).",
    "26": "Scale factor (axis ?).",
    "27": "Scale factor (axis ?).",
    "28": "Bone name for scaling.",
    "29": "Scale factor (axis ?).",
    "30": "Scale factor (axis ?).",
    "31": "Scale factor (axis ?).",
    "32": "Bone name for scaling.",
    "33": "Scale factor (axis ?).",
    "34": "Scale factor (axis ?).",
    "35": "Scale factor (axis ?).",
    "36": "Bone name for scaling.",
    "37": "Scale factor (axis ?).",
    "38": "Scale factor (axis ?).",
    "39": "Scale factor (axis ?).",
    "40": "Bone name for scaling.",
    "41": "Scale factor (axis ?).",
    "42": "Scale factor (axis ?).",
    "43": "Scale factor (axis ?).",
    "44": "Bone name for scaling.",
    "45": "Scale factor (axis ?).",
    "46": "Scale factor (axis ?).",
    "47": "Scale factor (axis ?).",
    "48": "Bone name for scaling.",
    "49": "Scale factor (axis ?).",
    "50": "Scale factor (axis ?).",
    "51": "Scale factor (axis ?).",
    "52": "Bone name for scaling.",
    "53": "Scale factor (axis ?).",
    "54": "Scale factor (axis ?).",
    "55": "Scale factor (axis ?).",
    "56": "Bone name for scaling.",
    "57": "Scale factor (axis ?).",
    "58": "Scale factor (axis ?).",
    "59": "Scale factor (axis ?).",
    "60": "Bone name for scaling.",
    "61": "Scale factor (axis ?).",
    "62": "Scale factor (axis ?).",
    "63": "Scale factor (axis ?)."
  },
  "2": {
    "0": "Duration an arrow stays in the target (ticks).",
    "1": "Scale of the stuck arrow."
  },
  "67": {
    "0": "Object class type (see classmask.h). Determines category: UNIT, WEAPON, PASSIVE etc.",
    "1": "3D model file (.vdf/.prt). Path relative to Data folder.",
    "2": "Render flags for the mesh. Bitmask for display options.",
    "3": "Index into MeshButtonViewParams. Camera position in inventory dialog.",
    "4": "Reference to SoundPack entry. Links sounds to this object.",
    "5": "Equipment type (weapon, armor, shield etc.).",
    "6": "Bitmask: which equipment slots are occupied.",
    "7": "Bitmask: which unit types can wear this.",
    "8": "Equipment flags. Bitmask for special properties.",
    "9": "Weight in inventory.",
    "10": "Inventory size [width, height] in slots.",
    "11": "Required strength to equip.",
    "12": "Required dexterity to equip.",
    "13": "Required magic to equip.",
    "14": "Armor value against piercing damage.",
    "15": "Armor value against slashing damage.",
    "16": "Armor value against bludgeoning damage.",
    "17": "Parry value. Chance to block attacks.",
    "18": "Reference to quiver ammo (for bows).",
    "19": "Reference to linked artefact.",
    "20": "Texture override for the unit when wearing this.",
    "21": "Animation set number for this equipment.",
    "22": "Animation set for dual-wielding.",
    "23": "Animation set for weapon + shield.",
    "24": "Animation set for weapon + special.",
    "25": "Slot number for right hand unarmed.",
    "26": "Slot number for left hand unarmed.",
    "27": "Weapon piercing damage (minimum).",
    "28": "Weapon piercing damage (maximum).",
    "29": "Weapon slashing damage (minimum).",
    "30": "Weapon slashing damage (maximum).",
    "31": "Weapon bludgeoning damage (minimum).",
    "32": "Weapon bludgeoning damage (maximum).",
    "33": "Weapon cold damage (minimum).",
    "34": "Weapon cold damage (maximum).",
    "35": "Weapon fire damage (minimum).",
    "36": "Weapon fire damage (maximum).",
    "37": "Weapon electric damage (minimum).",
    "38": "Weapon electric damage (maximum).",
    "39": "Weapon spirit damage (minimum).",
    "40": "Weapon spirit damage (maximum).",
    "41": "Weapon poison damage (minimum).",
    "42": "Weapon poison damage (maximum).",
    "43": "Damage modifier vs living creatures (%). 100 = normal.",
    "44": "Damage modifier vs undead (%). 100 = normal.",
    "45": "Damage modifier vs greenskins (%). 100 = normal.",
    "46": "Damage modifier vs golems (%). 100 = normal.",
    "47": "Damage modifier vs demons (%). 100 = normal.",
    "48": "Damage modifier vs dragons (%). 100 = normal.",
    "49": "Damage modifier vs elementals (%). 100 = normal.",
    "50": "Damage modifier vs magical creatures (%). 100 = normal.",
    "51": "Damage modifier vs mounted targets (%). 100 = normal.",
    "52": "Damage modifier vs multiplier from horseback (%). 100 = normal.",
    "53": "Price modifier for this weapon.",
    "54": "Weapon type: sword, axe, bow, staff etc.",
    "55": "Weapon flags. Bitmask for special properties.",
    "56": "Melee range in engine units.",
    "57": "Minimum attack range.",
    "58": "Maximum attack range.",
    "59": "Max range for auto-aim.",
    "60": "Reference to projectile type (for ranged weapons).",
    "61": "Bitmask: which quiver projectiles can be used.",
    "62": "Base hit chance for ranged attacks.",
    "63": "Reference to broken weapon (sword break skill).",
    "64": "Particle effects on weapon hit.",
    "65": "Extra particle effects on weapon hit.",
    "66": "Shoot animation data."
  },
  "76": {
    "0": "Object class type (see classmask.h). Determines category: UNIT, WEAPON, PASSIVE etc.",
    "1": "3D model file (.vdf/.prt). Path relative to Data folder.",
    "2": "Render flags for the mesh. Bitmask for display options.",
    "3": "Index into MeshButtonViewParams. Camera position in inventory dialog.",
    "4": "Reference to SoundPack entry. Links sounds to this object.",
    "5": "Equipment type (weapon, armor, shield etc.).",
    "6": "Bitmask: which equipment slots are occupied.",
    "7": "Bitmask: which unit types can wear this.",
    "8": "Equipment flags. Bitmask for special properties.",
    "9": "Weight in inventory.",
    "10": "Inventory size [width, height] in slots.",
    "11": "Required strength to equip.",
    "12": "Required dexterity to equip.",
    "13": "Required magic to equip.",
    "14": "Armor value against piercing damage.",
    "15": "Armor value against slashing damage.",
    "16": "Armor value against bludgeoning damage.",
    "17": "Parry value. Chance to block attacks.",
    "18": "Reference to quiver ammo (for bows).",
    "19": "Reference to linked artefact.",
    "20": "Texture override for the unit when wearing this.",
    "21": "Animation set number for this equipment.",
    "22": "Animation set for dual-wielding.",
    "23": "Animation set for weapon + shield.",
    "24": "Animation set for weapon + special.",
    "25": "Slot number for right hand unarmed.",
    "26": "Slot number for left hand unarmed.",
    "27": "Weapon piercing damage (minimum).",
    "28": "Weapon piercing damage (maximum).",
    "29": "Weapon slashing damage (minimum).",
    "30": "Weapon slashing damage (maximum).",
    "31": "Weapon bludgeoning damage (minimum).",
    "32": "Weapon bludgeoning damage (maximum).",
    "33": "Weapon cold damage (minimum).",
    "34": "Weapon cold damage (maximum).",
    "35": "Weapon fire damage (minimum).",
    "36": "Weapon fire damage (maximum).",
    "37": "Weapon electric damage (minimum).",
    "38": "Weapon electric damage (maximum).",
    "39": "Weapon spirit damage (minimum).",
    "40": "Weapon spirit damage (maximum).",
    "41": "Weapon poison damage (minimum).",
    "42": "Weapon poison damage (maximum).",
    "43": "Damage modifier vs living creatures (%). 100 = normal.",
    "44": "Damage modifier vs undead (%). 100 = normal.",
    "45": "Damage modifier vs greenskins (%). 100 = normal.",
    "46": "Damage modifier vs golems (%). 100 = normal.",
    "47": "Damage modifier vs demons (%). 100 = normal.",
    "48": "Damage modifier vs dragons (%). 100 = normal.",
    "49": "Damage modifier vs elementals (%). 100 = normal.",
    "50": "Damage modifier vs magical creatures (%). 100 = normal.",
    "51": "Damage modifier vs mounted targets (%). 100 = normal.",
    "52": "Damage modifier vs multiplier from horseback (%). 100 = normal.",
    "53": "Price modifier for this weapon.",
    "54": "Weapon type: sword, axe, bow, staff etc.",
    "55": "Weapon flags. Bitmask for special properties.",
    "56": "Combat range in engine units.",
    "57": "Minimum attack range.",
    "58": "Maximum attack range.",
    "59": "Max range for auto-aim.",
    "60": "Reference to projectile type (for ranged weapons).",
    "61": "Bitmask: which quiver projectiles can be used.",
    "62": "Base hit chance for ranged attacks.",
    "63": "Reference to broken weapon (sword break skill).",
    "64": "Particle effects on weapon hit.",
    "65": "Extra particle effects on weapon hit.",
    "66": "Shoot animation data.",
    "67": "Ragdoll force (%) on hit. How far the enemy flies.",
    "68": "Magic school of the staff: 0=Air, 1=Fire, 2=Water, 3=Earth, 4=Necro.",
    "69": "Required skill level in the magic school.",
    "70": "Bonus to Air magic skill when equipped.",
    "71": "Bonus to Fire magic skill when equipped.",
    "72": "Bonus to Water magic skill when equipped.",
    "73": "Bonus to Earth magic skill when equipped.",
    "74": "Bonus to Necromancy skill when equipped.",
    "75": "Max mana of the staff (own mana pool)."
  },
  "22": {
    "0": "Object class type (see classmask.h). Determines category: UNIT, WEAPON, PASSIVE etc.",
    "1": "3D model file (.vdf/.prt). Path relative to Data folder.",
    "2": "Render flags for the mesh. Bitmask for display options.",
    "3": "Index into MeshButtonViewParams. Camera position in inventory dialog.",
    "4": "Reference to SoundPack entry. Links sounds to this object.",
    "5": "Equipment type (equipment category).",
    "6": "Bitmask: which equipment slots are occupied.",
    "7": "Bitmask: which unit types can wear this.",
    "8": "Equipment flags. Bitmask for special properties.",
    "9": "Weight in inventory.",
    "10": "Inventory size [width, height] in slots.",
    "11": "Required strength to equip.",
    "12": "Required dexterity to equip.",
    "13": "Required magic to equip.",
    "14": "Armor value against piercing damage.",
    "15": "Armor value against slashing damage.",
    "16": "Armor value against bludgeoning damage.",
    "17": "Parry value. Chance to block attacks.",
    "18": "Reference to quiver ammo (for bows).",
    "19": "Reference to linked artefact.",
    "20": "Texture override for the unit when wearing this.",
    "21": "Animation set number for this equipment."
  },
  "49": {
    "0": "Object class type (see classmask.h). Determines category: UNIT, WEAPON, PASSIVE etc.",
    "1": "3D model file (.vdf/.prt). Path relative to Data folder.",
    "2": "Render flags for the mesh. Bitmask for display options.",
    "3": "Index into MeshButtonViewParams. Camera position in inventory dialog.",
    "4": "Reference to SoundPack entry. Links sounds to this object.",
    "5": "Flags for storable objects. Bitmask for persistence behavior.",
    "6": "Maximum hit points. At 0 → killExplosionID is triggered.",
    "7": "Particle effect on destruction of this object.",
    "8": "Map sign number. -1 = no symbol on minimap.",
    "9": "Reference to object marker (tooltip/icon above the object in the world).",
    "10": "Custom flags. Object-specific behavior bitmask.",
    "11": "Maximum draw distance in engine units. 0 = default.",
    "12": "Projectile piercing damage (minimum).",
    "13": "Projectile piercing damage (maximum).",
    "14": "Projectile slashing damage (minimum).",
    "15": "Projectile slashing damage (maximum).",
    "16": "Projectile bludgeoning damage (minimum).",
    "17": "Projectile bludgeoning damage (maximum).",
    "18": "Projectile cold damage (minimum).",
    "19": "Projectile cold damage (maximum).",
    "20": "Projectile fire damage (minimum).",
    "21": "Projectile fire damage (maximum).",
    "22": "Projectile electric damage (minimum).",
    "23": "Projectile electric damage (maximum).",
    "24": "Projectile spirit damage (minimum).",
    "25": "Projectile spirit damage (maximum).",
    "26": "Projectile poison damage (minimum).",
    "27": "Projectile poison damage (maximum).",
    "28": "Projectile type: arrow, fireball, lightning etc.",
    "29": "Projectile flags. Bitmask for flight behavior.",
    "30": "Bitmask: which quiver type this projectile belongs to.",
    "31": "Damage range (splash radius).",
    "32": "Damage angle (for cone attacks, degrees).",
    "33": "Fire ring size (area effects).",
    "34": "Flight speed of the projectile.",
    "35": "Lifetime of the projectile in ticks.",
    "36": "Ticks until hit effect is triggered.",
    "37": "Range hit speed per tick.",
    "38": "Force field type on hit (knockback, stun etc.).",
    "39": "Strength of the force field effect.",
    "40": "Duration of the force field effect (ticks).",
    "41": "Ragdoll force (%) on hit.",
    "42": "Custom projectile parameter 1.",
    "43": "Custom projectile parameter 2.",
    "44": "Extra smoke effects of the projectile.",
    "45": "Explosion effects on object hit.",
    "46": "Extra explosion effects.",
    "47": "Explosion effects on ground hit.",
    "48": "Animation data for projectile traps."
  },
  "53": {
    "0": "Object class type (see classmask.h). Determines category: UNIT, WEAPON, PASSIVE etc.",
    "1": "3D model file (.vdf/.prt). Path relative to Data folder.",
    "2": "Render flags for the mesh. Bitmask for display options.",
    "3": "Index into MeshButtonViewParams. Camera position in inventory dialog.",
    "4": "Reference to SoundPack entry. Links sounds to this object.",
    "5": "Equipment type (equipment category).",
    "6": "Bitmask: which equipment slots are occupied.",
    "7": "Bitmask: which unit types can wear this.",
    "8": "Equipment flags. Bitmask for special properties.",
    "9": "Weight in inventory.",
    "10": "Inventory size [width, height] in slots.",
    "11": "Required strength to equip.",
    "12": "Required dexterity to equip.",
    "13": "Required magic to equip.",
    "14": "Armor value against piercing damage.",
    "15": "Armor value against slashing damage.",
    "16": "Armor value against bludgeoning damage.",
    "17": "Parry value. Chance to block attacks.",
    "18": "Reference to quiver ammo (for bows).",
    "19": "Reference to linked artefact.",
    "20": "Texture override for the unit when wearing this.",
    "21": "Animation set number for this equipment.",
    "22": "Spell type: damage, healing, buff, summon etc.",
    "23": "Command type: how the spell is triggered.",
    "24": "Magic school: 0=Air, 1=Fire, 2=Water, 3=Earth, 4=Necromancy.",
    "25": "Required skill level in the magic school.",
    "26": "Spell flags. Bitmask for special behavior.",
    "27": "Mana cost of the spell.",
    "28": "Spell range in engine units.",
    "29": "Speed of the spell projectile per tick.",
    "30": "Animation number for the casting gesture.",
    "31": "Particle effect when casting (on the caster).",
    "32": "Particle effect at the spell target.",
    "33": "Particle effect when spell effect ends.",
    "34": "Timed effect on target (DoT, buff etc.).",
    "35": "Power-up type: what gets enhanced.",
    "36": "Power-up value: strength of the enhancement.",
    "37": "Damage modifier vs living creatures (%). 100 = normal.",
    "38": "Damage modifier vs undead (%). 100 = normal.",
    "39": "Damage modifier vs greenskins (%). 100 = normal.",
    "40": "Damage modifier vs golems (%). 100 = normal.",
    "41": "Damage modifier vs demons (%). 100 = normal.",
    "42": "Damage modifier vs dragons (%). 100 = normal.",
    "43": "Damage modifier vs elementals (%). 100 = normal.",
    "44": "Damage modifier vs magical creatures (%). 100 = normal.",
    "45": "Damage modifier vs mounted targets (%). 100 = normal.",
    "46": "Damage modifier vs multiplier from horseback (%). 100 = normal.",
    "47": "Projectile references for spell missiles.",
    "48": "Summoned object (for summoning spells).",
    "49": "Duration of the summon in ticks.",
    "50": "Magic weapon for right hand (weapon buff).",
    "51": "Magic weapon for left hand (weapon buff).",
    "52": "Position of the card in the inventory dialog."
  },
  "17": {
    "0": "Object class type (see classmask.h). Determines category: UNIT, WEAPON, PASSIVE etc.",
    "1": "3D model file (.vdf/.prt). Path relative to Data folder.",
    "2": "Render flags for the mesh. Bitmask for display options.",
    "3": "Index into MeshButtonViewParams. Camera position in inventory dialog.",
    "4": "Reference to SoundPack entry. Links sounds to this object.",
    "5": "Flags for storable objects. Bitmask for persistence behavior.",
    "6": "Maximum hit points. At 0 → killExplosionID is triggered.",
    "7": "Particle effect on destruction of this object.",
    "8": "Map sign number. -1 = no symbol on minimap.",
    "9": "Reference to object marker (tooltip/icon above the object in the world).",
    "10": "Custom flags. Object-specific behavior bitmask.",
    "11": "Maximum draw distance in engine units. 0 = default.",
    "12": "Lifetime of the dynamic object in ticks.",
    "13": "Reference to start dynamic (chained effects).",
    "14": "Ticks until end sound is played.",
    "15": "Force field type: knockback, pull etc.",
    "16": "Force field strength."
  },
  "43": {
    "0": "Object class type (see classmask.h). Determines category: UNIT, WEAPON, PASSIVE etc.",
    "1": "3D model file (.vdf/.prt). Path relative to Data folder.",
    "2": "Render flags for the mesh. Bitmask for display options.",
    "3": "Index into MeshButtonViewParams. Camera position in inventory dialog.",
    "4": "Reference to SoundPack entry. Links sounds to this object.",
    "5": "Flags for storable objects. Bitmask for persistence behavior.",
    "6": "Maximum hit points. At 0 → killExplosionID is triggered.",
    "7": "Particle effect on destruction of this object.",
    "8": "Map sign number. -1 = no symbol on minimap.",
    "9": "Reference to object marker (tooltip/icon above the object in the world).",
    "10": "Custom flags. Object-specific behavior bitmask.",
    "11": "Maximum draw distance in engine units. 0 = default.",
    "12": "Passive flags. Bitmask: behavior of the static object.",
    "13": "Extended passive flags (second bitmask).",
    "14": "LOD mesh for large distances (distant land rendering).",
    "15": "Range for rustling sounds when walking through bushes.",
    "16": "Start frame of the looped animation.",
    "17": "End frame of the looped animation.",
    "18": "Reference to smoke/particle effect.",
    "19": "Min duration of daytime sound (seconds).",
    "20": "Max duration of daytime sound (seconds).",
    "21": "Min pause between daytime sounds (seconds).",
    "22": "Max pause between daytime sounds (seconds).",
    "23": "Min duration of nighttime sound (seconds).",
    "24": "Max duration of nighttime sound (seconds).",
    "25": "Min pause between nighttime sounds (seconds).",
    "26": "Max pause between nighttime sounds (seconds).",
    "27": "Particles active during day (%). 100 = always visible.",
    "28": "Particles active at night (%). 100 = always visible.",
    "29": "Roof height for buildings (interior detection).",
    "30": "Weight of the artefact in inventory.",
    "31": "Inventory width in slots.",
    "32": "Inventory height in slots.",
    "33": "Max stack size in inventory.",
    "34": "Base price at merchants (gold).",
    "35": "Color tint of the 3D model (ARGB value).",
    "36": "Particle effect when picking up.",
    "37": "Custom parameter 1.",
    "38": "Custom parameter 2.",
    "39": "Animation file for the artefact.",
    "40": "Fake body mesh (for body-worn artefacts).",
    "41": "Animation frame when lying on ground.",
    "42": "Animation frame in inventory button."
  },
  "101": {
    "0": "Object class type (see classmask.h). Determines category: UNIT, WEAPON, PASSIVE etc.",
    "1": "3D model file (.vdf/.prt). Path relative to Data folder.",
    "2": "Render flags for the mesh. Bitmask for display options.",
    "3": "Index into MeshButtonViewParams. Camera position in inventory dialog.",
    "4": "Reference to SoundPack entry. Links sounds to this object.",
    "5": "Flags for storable objects. Bitmask for persistence behavior.",
    "6": "Maximum hit points. At 0 → killExplosionID is triggered.",
    "7": "Particle effect on destruction of this object.",
    "8": "Map sign number. -1 = no symbol on minimap.",
    "9": "Reference to object marker (tooltip/icon above the object in the world).",
    "10": "Custom flags. Object-specific behavior bitmask.",
    "11": "Maximum draw distance in engine units. 0 = default.",
    "12": "Passive flags. Bitmask: behavior of the static object.",
    "13": "Extended passive flags (second bitmask).",
    "14": "LOD mesh for large distances (distant land rendering).",
    "15": "Range for rustling sounds when walking through bushes.",
    "16": "Start frame of the looped animation.",
    "17": "End frame of the looped animation.",
    "18": "Reference to smoke/particle effect.",
    "19": "Min duration of daytime sound (seconds).",
    "20": "Max duration of daytime sound (seconds).",
    "21": "Min pause between daytime sounds (seconds).",
    "22": "Max pause between daytime sounds (seconds).",
    "23": "Min duration of nighttime sound (seconds).",
    "24": "Max duration of nighttime sound (seconds).",
    "25": "Min pause between nighttime sounds (seconds).",
    "26": "Max pause between nighttime sounds (seconds).",
    "27": "Particles active during day (%). 100 = always visible.",
    "28": "Particles active at night (%). 100 = always visible.",
    "29": "Roof height for buildings (interior detection).",
    "30": "Weight of the artefact in inventory.",
    "31": "Inventory width in slots.",
    "32": "Inventory height in slots.",
    "33": "Max stack size in inventory.",
    "34": "Base price at merchants (gold).",
    "35": "Color tint of the 3D model (ARGB value).",
    "36": "Particle effect when picking up.",
    "37": "Custom parameter 1.",
    "38": "Custom parameter 2.",
    "39": "Potion flags: instant/over time, positive/negative etc.",
    "40": "Duration of the potion effect in ticks.",
    "41": "HP regeneration from the potion.",
    "42": "Mana regeneration from the potion.",
    "43": "Bonus: vitality points.",
    "44": "Bonus: dexterity points.",
    "45": "Bonus: strength points.",
    "46": "Bonus: magic points.",
    "47": "Bonus: hit points.",
    "48": "Bonus: damage.",
    "49": "Bonus: attack.",
    "50": "Bonus: defense.",
    "51": "Bonus: mana.",
    "52": "Bonus: stamina.",
    "53": "Bonus: physical resistance.",
    "54": "Bonus: cold resistance.",
    "55": "Bonus: fire resistance.",
    "56": "Bonus: lightning resistance.",
    "57": "Bonus: spirit resistance.",
    "58": "Bonus to skill: Attack.",
    "59": "Bonus to skill: Defense.",
    "60": "Bonus to skill: Parry.",
    "61": "Bonus to skill: Swimming.",
    "62": "Bonus to skill: Stability.",
    "63": "Bonus to skill: Strong Hand.",
    "64": "Bonus to skill: Critical Hit.",
    "65": "Bonus to skill: Double Blade.",
    "66": "Bonus to skill: Knockdown.",
    "67": "Bonus to skill: Horse Riding.",
    "68": "Bonus to skill: Fast Aiming.",
    "69": "Bonus to skill: Archery.",
    "70": "Bonus to skill: Close Range Shot.",
    "71": "Bonus to skill: Precise Aiming.",
    "72": "Bonus to skill: Stone Skin.",
    "73": "Bonus to skill: Lockpicking.",
    "74": "Bonus to skill: Alchemy.",
    "75": "Bonus to skill: Air Magic.",
    "76": "Bonus to skill: Fire Magic.",
    "77": "Bonus to skill: Water Magic.",
    "78": "Bonus to skill: Earth Magic.",
    "79": "Bonus to skill: Necromancy.",
    "80": "Bonus to skill: Berserk.",
    "81": "Bonus to skill: Defensive Fight.",
    "82": "Bonus to skill: Dirty Trick.",
    "83": "Bonus to skill: Stun.",
    "84": "Bonus to skill: Sword Break.",
    "85": "Bonus to skill: Dismount from Horse.",
    "86": "Bonus to skill: Pull Shield.",
    "87": "Bonus to skill: Knife Death Strike.",
    "88": "Bonus to skill: Deadly Pirouette.",
    "89": "Bonus to skill: Burn.",
    "90": "Bonus to skill: Shield Trick.",
    "91": "Bonus to skill: Disarming Arrow.",
    "92": "Bonus to skill: Multi Arrows.",
    "93": "Bonus to skill: Piercing.",
    "94": "Bonus to skill: Arrow of Dust.",
    "95": "Bonus to skill: Sneak.",
    "96": "Bonus to skill: Stealing.",
    "97": "Bonus to skill: Set Trap.",
    "98": "Particle effect when using the potion.",
    "99": "Particle effect during the effect duration.",
    "100": "Particle effect when the effect ends."
  },
  "47": {
    "0": "Object class type (see classmask.h). Determines category: UNIT, WEAPON, PASSIVE etc.",
    "1": "3D model file (.vdf/.prt). Path relative to Data folder.",
    "2": "Render flags for the mesh. Bitmask for display options.",
    "3": "Index into MeshButtonViewParams. Camera position in inventory dialog.",
    "4": "Reference to SoundPack entry. Links sounds to this object.",
    "5": "Flags for storable objects. Bitmask for persistence behavior.",
    "6": "Maximum hit points. At 0 → killExplosionID is triggered.",
    "7": "Particle effect on destruction of this object.",
    "8": "Map sign number. -1 = no symbol on minimap.",
    "9": "Reference to object marker (tooltip/icon above the object in the world).",
    "10": "Custom flags. Object-specific behavior bitmask.",
    "11": "Maximum draw distance in engine units. 0 = default.",
    "12": "Passive flags. Bitmask: behavior of the static object.",
    "13": "Extended passive flags (second bitmask).",
    "14": "LOD mesh for large distances (distant land rendering).",
    "15": "Range for rustling sounds when walking through bushes.",
    "16": "Start frame of the looped animation.",
    "17": "End frame of the looped animation.",
    "18": "Reference to smoke/particle effect.",
    "19": "Min duration of daytime sound (seconds).",
    "20": "Max duration of daytime sound (seconds).",
    "21": "Min pause between daytime sounds (seconds).",
    "22": "Max pause between daytime sounds (seconds).",
    "23": "Min duration of nighttime sound (seconds).",
    "24": "Max duration of nighttime sound (seconds).",
    "25": "Min pause between nighttime sounds (seconds).",
    "26": "Max pause between nighttime sounds (seconds).",
    "27": "Particles active during day (%). 100 = always visible.",
    "28": "Particles active at night (%). 100 = always visible.",
    "29": "Roof height for buildings (interior detection).",
    "30": "Weight of the artefact in inventory.",
    "31": "Inventory width in slots.",
    "32": "Inventory height in slots.",
    "33": "Max stack size in inventory.",
    "34": "Base price at merchants (gold).",
    "35": "Color tint of the 3D model (ARGB value).",
    "36": "Particle effect when picking up.",
    "37": "Custom parameter 1.",
    "38": "Custom parameter 2.",
    "39": "Special artefact type: key, quest item, gold etc.",
    "40": "Money value of the artefact.",
    "41": "Merge type when combining items.",
    "42": "Value type on merge.",
    "43": "Additional value on merge.",
    "44": "Effect number on merge.",
    "45": "Lock level. 0 = no lock.",
    "46": "Lock flags. Bitmask for lock properties."
  },
  "39": {
    "0": "Object class type (see classmask.h). Determines category: UNIT, WEAPON, PASSIVE etc.",
    "1": "3D model file (.vdf/.prt). Path relative to Data folder.",
    "2": "Render flags for the mesh. Bitmask for display options.",
    "3": "Index into MeshButtonViewParams. Camera position in inventory dialog.",
    "4": "Reference to SoundPack entry. Links sounds to this object.",
    "5": "Flags for storable objects. Bitmask for persistence behavior.",
    "6": "Maximum hit points. At 0 → killExplosionID is triggered.",
    "7": "Particle effect on destruction of this object.",
    "8": "Map sign number. -1 = no symbol on minimap.",
    "9": "Reference to object marker (tooltip/icon above the object in the world).",
    "10": "Custom flags. Object-specific behavior bitmask.",
    "11": "Maximum draw distance in engine units. 0 = default.",
    "12": "Passive flags. Bitmask: behavior of the static object.",
    "13": "Extended passive flags (second bitmask).",
    "14": "LOD mesh for large distances (distant land rendering).",
    "15": "Range for rustling sounds when walking through bushes.",
    "16": "Start frame of the looped animation.",
    "17": "End frame of the looped animation.",
    "18": "Reference to smoke/particle effect.",
    "19": "Min duration of daytime sound (seconds).",
    "20": "Max duration of daytime sound (seconds).",
    "21": "Min pause between daytime sounds (seconds).",
    "22": "Max pause between daytime sounds (seconds).",
    "23": "Min duration of nighttime sound (seconds).",
    "24": "Max duration of nighttime sound (seconds).",
    "25": "Min pause between nighttime sounds (seconds).",
    "26": "Max pause between nighttime sounds (seconds).",
    "27": "Particles active during day (%). 100 = always visible.",
    "28": "Particles active at night (%). 100 = always visible.",
    "29": "Roof height for buildings (interior detection).",
    "30": "Weight of the artefact in inventory.",
    "31": "Inventory width in slots.",
    "32": "Inventory height in slots.",
    "33": "Max stack size in inventory.",
    "34": "Base price at merchants (gold).",
    "35": "Color tint of the 3D model (ARGB value).",
    "36": "Particle effect when picking up.",
    "37": "Custom parameter 1.",
    "38": "Custom parameter 2."
  },
  "16": {
    "0": "Object class type (see classmask.h). Determines category: UNIT, WEAPON, PASSIVE etc.",
    "1": "3D model file (.vdf/.prt). Path relative to Data folder.",
    "2": "Render flags for the mesh. Bitmask for display options.",
    "3": "Index into MeshButtonViewParams. Camera position in inventory dialog.",
    "4": "Reference to SoundPack entry. Links sounds to this object.",
    "5": "Flags for storable objects. Bitmask for persistence behavior.",
    "6": "Maximum hit points. At 0 → killExplosionID is triggered.",
    "7": "Particle effect on destruction of this object.",
    "8": "Map sign number. -1 = no symbol on minimap.",
    "9": "Reference to object marker (tooltip/icon above the object in the world).",
    "10": "Custom flags. Object-specific behavior bitmask.",
    "11": "Maximum draw distance in engine units. 0 = default.",
    "12": "Passive flags. Bitmask: behavior of the static object.",
    "13": "Extended passive flags (second bitmask).",
    "14": "LOD mesh for large distances (distant land rendering).",
    "15": "Range for rustling sounds when walking through bushes."
  },
  "30": {
    "0": "Object class type (see classmask.h). Determines category: UNIT, WEAPON, PASSIVE etc.",
    "1": "3D model file (.vdf/.prt). Path relative to Data folder.",
    "2": "Render flags for the mesh. Bitmask for display options.",
    "3": "Index into MeshButtonViewParams. Camera position in inventory dialog.",
    "4": "Reference to SoundPack entry. Links sounds to this object.",
    "5": "Flags for storable objects. Bitmask for persistence behavior.",
    "6": "Maximum hit points. At 0 → killExplosionID is triggered.",
    "7": "Particle effect on destruction of this object.",
    "8": "Map sign number. -1 = no symbol on minimap.",
    "9": "Reference to object marker (tooltip/icon above the object in the world).",
    "10": "Custom flags. Object-specific behavior bitmask.",
    "11": "Maximum draw distance in engine units. 0 = default.",
    "12": "Passive flags. Bitmask: behavior of the static object.",
    "13": "Extended passive flags (second bitmask).",
    "14": "LOD mesh for large distances (distant land rendering).",
    "15": "Range for rustling sounds when walking through bushes.",
    "16": "Start frame of the looped animation.",
    "17": "End frame of the looped animation.",
    "18": "Reference to smoke/particle effect.",
    "19": "Min duration of daytime sound (seconds).",
    "20": "Max duration of daytime sound (seconds).",
    "21": "Min pause between daytime sounds (seconds).",
    "22": "Max pause between daytime sounds (seconds).",
    "23": "Min duration of nighttime sound (seconds).",
    "24": "Max duration of nighttime sound (seconds).",
    "25": "Min pause between nighttime sounds (seconds).",
    "26": "Max pause between nighttime sounds (seconds).",
    "27": "Particles active during day (%). 100 = always visible.",
    "28": "Particles active at night (%). 100 = always visible.",
    "29": "Roof height for buildings (interior detection)."
  },
  "35": {
    "0": "Object class type (see classmask.h). Determines category: UNIT, WEAPON, PASSIVE etc.",
    "1": "3D model file (.vdf/.prt). Path relative to Data folder.",
    "2": "Render flags for the mesh. Bitmask for display options.",
    "3": "Index into MeshButtonViewParams. Camera position in inventory dialog.",
    "4": "Reference to SoundPack entry. Links sounds to this object.",
    "5": "Flags for storable objects. Bitmask for persistence behavior.",
    "6": "Maximum hit points. At 0 → killExplosionID is triggered.",
    "7": "Particle effect on destruction of this object.",
    "8": "Map sign number. -1 = no symbol on minimap.",
    "9": "Reference to object marker (tooltip/icon above the object in the world).",
    "10": "Custom flags. Object-specific behavior bitmask.",
    "11": "Maximum draw distance in engine units. 0 = default.",
    "12": "Passive flags. Bitmask: behavior of the static object.",
    "13": "Extended passive flags (second bitmask).",
    "14": "LOD mesh for large distances (distant land rendering).",
    "15": "Range for rustling sounds when walking through bushes.",
    "16": "Start frame of the looped animation.",
    "17": "End frame of the looped animation.",
    "18": "Reference to smoke/particle effect.",
    "19": "Min duration of daytime sound (seconds).",
    "20": "Max duration of daytime sound (seconds).",
    "21": "Min pause between daytime sounds (seconds).",
    "22": "Max pause between daytime sounds (seconds).",
    "23": "Min duration of nighttime sound (seconds).",
    "24": "Max duration of nighttime sound (seconds).",
    "25": "Min pause between nighttime sounds (seconds).",
    "26": "Max pause between nighttime sounds (seconds).",
    "27": "Particles active during day (%). 100 = always visible.",
    "28": "Particles active at night (%). 100 = always visible.",
    "29": "Roof height for buildings (interior detection).",
    "30": "Gate animation (open/close).",
    "31": "Ticks until gate auto-closes. 0 = stays open.",
    "32": "Ticks until gate closes after a unit passed through.",
    "33": "Lock level of the gate. 0 = unlocked.",
    "34": "Lock flags of the gate."
  },
  "77": {
    "0": "Object class type (see classmask.h). Determines category: UNIT, WEAPON, PASSIVE etc.",
    "1": "3D model file (.vdf/.prt). Path relative to Data folder.",
    "2": "Render flags for the mesh. Bitmask for display options.",
    "3": "Index into MeshButtonViewParams. Camera position in inventory dialog.",
    "4": "Reference to SoundPack entry. Links sounds to this object.",
    "5": "Flags for storable objects. Bitmask for persistence behavior.",
    "6": "Maximum hit points. At 0 → killExplosionID is triggered.",
    "7": "Particle effect on destruction of this object.",
    "8": "Map sign number. -1 = no symbol on minimap.",
    "9": "Reference to object marker (tooltip/icon above the object in the world).",
    "10": "Custom flags. Object-specific behavior bitmask.",
    "11": "Maximum draw distance in engine units. 0 = default.",
    "12": "Passive flags. Bitmask: behavior of the static object.",
    "13": "Extended passive flags (second bitmask).",
    "14": "LOD mesh for large distances (distant land rendering).",
    "15": "Range for rustling sounds when walking through bushes.",
    "16": "Start frame of the looped animation.",
    "17": "End frame of the looped animation.",
    "18": "Reference to smoke/particle effect.",
    "19": "Min duration of daytime sound (seconds).",
    "20": "Max duration of daytime sound (seconds).",
    "21": "Min pause between daytime sounds (seconds).",
    "22": "Max pause between daytime sounds (seconds).",
    "23": "Min duration of nighttime sound (seconds).",
    "24": "Max duration of nighttime sound (seconds).",
    "25": "Min pause between nighttime sounds (seconds).",
    "26": "Max pause between nighttime sounds (seconds).",
    "27": "Particles active during day (%). 100 = always visible.",
    "28": "Particles active at night (%). 100 = always visible.",
    "29": "Roof height for buildings (interior detection).",
    "30": "Weight of the trap in inventory.",
    "31": "Inventory width of the trap.",
    "32": "Inventory height of the trap.",
    "33": "Max stack size of the trap.",
    "34": "Price of the trap.",
    "35": "Color tint of the trap model.",
    "36": "Trap type: hold trap, explosion trap etc.",
    "37": "Trap level. Determines effectiveness.",
    "38": "Base damage of the trap.",
    "39": "Hold duration in ticks (hold traps).",
    "40": "Reference to trap projectile.",
    "41": "Particle effect when picking up.",
    "42": "Custom trap parameter 1.",
    "43": "Custom trap parameter 2.",
    "44": "Trap piercing damage (minimum).",
    "45": "Trap piercing damage (maximum).",
    "46": "Trap slashing damage (minimum).",
    "47": "Trap slashing damage (maximum).",
    "48": "Trap bludgeoning damage (minimum).",
    "49": "Trap bludgeoning damage (maximum).",
    "50": "Trap cold damage (minimum).",
    "51": "Trap cold damage (maximum).",
    "52": "Trap fire damage (minimum).",
    "53": "Trap fire damage (maximum).",
    "54": "Trap electric damage (minimum).",
    "55": "Trap electric damage (maximum).",
    "56": "Trap spirit damage (minimum).",
    "57": "Trap spirit damage (maximum).",
    "58": "Trap poison damage (minimum).",
    "59": "Trap poison damage (maximum).",
    "60": "Trap version: Projectile type: arrow, fireball, lightning etc.",
    "61": "Trap version: Projectile flags. Bitmask for flight behavior.",
    "62": "Trap version: Bitmask: which quiver type this projectile belongs to.",
    "63": "Trap version: Damage range (splash radius).",
    "64": "Trap version: Damage angle (for cone attacks, degrees).",
    "65": "Trap version: Fire ring size (area effects).",
    "66": "Trap version: Flight speed of the projectile.",
    "67": "Trap version: Lifetime of the projectile in ticks.",
    "68": "Trap version: Ticks until hit effect is triggered.",
    "69": "Trap version: Range hit speed per tick.",
    "70": "Trap version: Force field type on hit (knockback, stun etc.).",
    "71": "Trap version: Strength of the force field effect.",
    "72": "Trap version: Duration of the force field effect (ticks).",
    "73": "Trap version: Ragdoll force (%) on hit.",
    "74": "Trap version: Custom projectile parameter 1.",
    "75": "Trap version: Custom projectile parameter 2.",
    "76": "Trap animation."
  },
  "42": {
    "0": "Object class type (see classmask.h). Determines category: UNIT, WEAPON, PASSIVE etc.",
    "1": "3D model file (.vdf/.prt). Path relative to Data folder.",
    "2": "Render flags for the mesh. Bitmask for display options.",
    "3": "Index into MeshButtonViewParams. Camera position in inventory dialog.",
    "4": "Reference to SoundPack entry. Links sounds to this object.",
    "5": "Flags for storable objects. Bitmask for persistence behavior.",
    "6": "Maximum hit points. At 0 → killExplosionID is triggered.",
    "7": "Particle effect on destruction of this object.",
    "8": "Map sign number. -1 = no symbol on minimap.",
    "9": "Reference to object marker (tooltip/icon above the object in the world).",
    "10": "Custom flags. Object-specific behavior bitmask.",
    "11": "Maximum draw distance in engine units. 0 = default.",
    "12": "Passive flags. Bitmask: behavior of the static object.",
    "13": "Extended passive flags (second bitmask).",
    "14": "LOD mesh for large distances (distant land rendering).",
    "15": "Range for rustling sounds when walking through bushes.",
    "16": "Start frame of the looped animation.",
    "17": "End frame of the looped animation.",
    "18": "Reference to smoke/particle effect.",
    "19": "Min duration of daytime sound (seconds).",
    "20": "Max duration of daytime sound (seconds).",
    "21": "Min pause between daytime sounds (seconds).",
    "22": "Max pause between daytime sounds (seconds).",
    "23": "Min duration of nighttime sound (seconds).",
    "24": "Max duration of nighttime sound (seconds).",
    "25": "Min pause between nighttime sounds (seconds).",
    "26": "Max pause between nighttime sounds (seconds).",
    "27": "Particles active during day (%). 100 = always visible.",
    "28": "Particles active at night (%). 100 = always visible.",
    "29": "Roof height for buildings (interior detection).",
    "30": "Weight of the teleport item.",
    "31": "Inventory width.",
    "32": "Inventory height.",
    "33": "Max stack size.",
    "34": "Price of the teleport item.",
    "35": "Color tint of the teleport model.",
    "36": "Particle effect when picking up.",
    "37": "Teleport type: static, dynamic, connection.",
    "38": "Particle effect at start.",
    "39": "Particle effect at destination.",
    "40": "Ground effect at teleport destination.",
    "41": "Delay of the teleport effect (ticks)."
  },
  "33": {
    "0": "Object class type (see classmask.h). Determines category: UNIT, WEAPON, PASSIVE etc.",
    "1": "3D model file (.vdf/.prt). Path relative to Data folder.",
    "2": "Render flags for the mesh. Bitmask for display options.",
    "3": "Index into MeshButtonViewParams. Camera position in inventory dialog.",
    "4": "Reference to SoundPack entry. Links sounds to this object.",
    "5": "Flags for storable objects. Bitmask for persistence behavior.",
    "6": "Maximum hit points. At 0 → killExplosionID is triggered.",
    "7": "Particle effect on destruction of this object.",
    "8": "Map sign number. -1 = no symbol on minimap.",
    "9": "Reference to object marker (tooltip/icon above the object in the world).",
    "10": "Custom flags. Object-specific behavior bitmask.",
    "11": "Maximum draw distance in engine units. 0 = default.",
    "12": "Passive flags. Bitmask: behavior of the static object.",
    "13": "Extended passive flags (second bitmask).",
    "14": "LOD mesh for large distances (distant land rendering).",
    "15": "Range for rustling sounds when walking through bushes.",
    "16": "Start frame of the looped animation.",
    "17": "End frame of the looped animation.",
    "18": "Reference to smoke/particle effect.",
    "19": "Min duration of daytime sound (seconds).",
    "20": "Max duration of daytime sound (seconds).",
    "21": "Min pause between daytime sounds (seconds).",
    "22": "Max pause between daytime sounds (seconds).",
    "23": "Min duration of nighttime sound (seconds).",
    "24": "Max duration of nighttime sound (seconds).",
    "25": "Min pause between nighttime sounds (seconds).",
    "26": "Max pause between nighttime sounds (seconds).",
    "27": "Particles active during day (%). 100 = always visible.",
    "28": "Particles active at night (%). 100 = always visible.",
    "29": "Roof height for buildings (interior detection).",
    "30": "Container animation (open).",
    "31": "Lock level of the chest. 0 = unlocked.",
    "32": "Lock flags of the chest."
  },
  "68": {
    "0": "Weight in inventory.",
    "1": "Coefficient for engine calculation.",
    "2": "Coefficient for engine calculation.",
    "3": "Coefficient for engine calculation.",
    "4": "Coefficient for engine calculation.",
    "5": "Coefficient for engine calculation.",
    "6": "Coefficient for engine calculation.",
    "7": "Time duration in engine ticks.",
    "8": "Time duration in engine ticks.",
    "9": "Time duration in engine ticks.",
    "10": "Percentage value (0-100).",
    "11": "Time duration in engine ticks.",
    "12": "Distance in engine units.",
    "13": "Angle in degrees.",
    "14": "Angle in degrees.",
    "15": "Angle in degrees.",
    "16": "Angle in degrees.",
    "17": "Speed value.",
    "18": "Percentage value (0-100).",
    "19": "Speed value.",
    "20": "Percentage value (0-100).",
    "22": "Distance in engine units.",
    "35": "Distance in engine units.",
    "36": "Distance in engine units.",
    "39": "Speed value.",
    "40": "Speed value.",
    "41": "Speed value.",
    "42": "Speed value.",
    "43": "Speed value.",
    "44": "Percentage value (0-100).",
    "45": "Time duration in engine ticks.",
    "46": "Percentage value (0-100).",
    "47": "Distance in engine units.",
    "48": "Distance in engine units.",
    "49": "Distance in engine units.",
    "50": "Distance in engine units.",
    "52": "Angle in degrees.",
    "53": "Speed value.",
    "54": "Time duration in engine ticks.",
    "55": "Time duration in engine ticks.",
    "57": "Distance in engine units.",
    "58": "Percentage value (0-100).",
    "59": "Speed value.",
    "62": "Percentage value (0-100).",
    "63": "Percentage value (0-100).",
    "64": "Percentage value (0-100).",
    "65": "Distance in engine units.",
    "66": "Distance in engine units.",
    "67": "Distance in engine units."
  },
  "9": {
    "0": "Camera offset X (horizontal).",
    "1": "Camera offset Y (vertical).",
    "2": "Camera offset Z (depth).",
    "3": "Object rotation alpha (degrees).",
    "4": "Object rotation beta (degrees).",
    "5": "Object rotation phi (degrees).",
    "6": "Camera distance to object.",
    "7": "Camera angle alpha.",
    "8": "Camera angle beta."
  }
}